{
  "classification_report": {
    "0": {
      "precision": 1.0,
      "recall": 1.0,
      "f1-score": 1.0,
      "support": 1
    },
    "2": {
      "precision": 1.0,
      "recall": 1.0,
      "f1-score": 1.0,
      "support": 4
    },
    "accuracy": 1.0,
    "macro avg": {
      "precision": 1.0,
      "recall": 1.0,
      "f1-score": 1.0,
      "support": 5
    },
    "weighted avg": {
      "precision": 1.0,
      "recall": 1.0,
      "f1-score": 1.0,
      "support": 5
    }
  },
  "next_regime_forecast": 0
}